{"cameraMode":{"drawMode":0,"name":"Shaded","section":"Shading Mode"},"sceneLighting":false,"audioPlay":false,"sceneViewState":{"m_AlwaysRefresh":false,"showFog":true,"showSkybox":false,"showFlares":true,"showImageEffects":true,"showParticleSystems":true,"showVisualEffectGraphs":true,"m_FxEnabled":true},"in2DMode":false,"pivot":{"x":5.229551792144775,"y":0.6931171417236328,"z":5.7445573806762699},"rotation":{"x":-0.10091625154018402,"y":0.35634249448776247,"z":-0.03874630108475685,"w":-0.928087592124939},"size":0.3300115764141083,"orthographic":true}