{"cameraMode":{"drawMode":0,"name":"Shaded","section":"Shading Mode"},"sceneLighting":false,"audioPlay":false,"sceneViewState":{"m_AlwaysRefresh":false,"showFog":true,"showSkybox":false,"showFlares":true,"showImageEffects":true,"showParticleSystems":true,"showVisualEffectGraphs":true,"m_FxEnabled":true},"in2DMode":false,"pivot":{"x":0.24774911999702454,"y":0.5694583654403687,"z":2.9456427097320558},"rotation":{"x":-0.12940986454486848,"y":0.3673928678035736,"z":-0.05170192942023277,"w":-0.9195732474327087},"size":1.3632988929748536,"orthographic":true}