{"cameraMode":{"drawMode":0,"name":"Shaded","section":"Shading Mode"},"sceneLighting":false,"audioPlay":false,"sceneViewState":{"m_AlwaysRefresh":false,"showFog":true,"showSkybox":false,"showFlares":true,"showImageEffects":true,"showParticleSystems":true,"showVisualEffectGraphs":true,"m_FxEnabled":true},"in2DMode":false,"pivot":{"x":-0.23371779918670655,"y":0.569121241569519,"z":4.046823501586914},"rotation":{"x":-0.12940986454486848,"y":0.3673928678035736,"z":-0.05170192942023277,"w":-0.9195732474327087},"size":1.6957982778549195,"orthographic":true}